Image file,Label
z5104277477974_ad92d844e0d6747507447fcd5622f145.jpg,hoang
z5104277481974_3221940ae5890646cc5240cc59d2f4b3.jpg,hoang
z5104277482200_d57fac09ee024989fcff4f10e54439f1.jpg,hoang
z5104277485953_c24e62df40edc3ee9fa139383d5d2ecb.jpg,hoang
z5104277496388_af57d0354d11a7d5aa9f9c8c92462889.jpg,hoang
z5104277496515_7fead5fc3fd34a28510639730fc7c9b5.jpg,hoang
z5104277496666_29189d55d207c7f9488d78ef83bb6ef3.jpg,hoang
z5104277496762_2f29c973b5de866c7892d99eea8ba88e.jpg,hoang
z5104277501260_7455a295e78e5ec5ec869414bf0d761f.jpg,hoang
z5104277507531_b3cfb08b0bf051acaf8dd5a827c9d367.jpg,hoang
z5104277511040_0ec675a3557b70db80c7d1b15edb5f08.jpg,hoang
z5104277511276_48bd3e12095513b9b085cd0cd592872c.jpg,hoang
z5104277524367_30bd31c9cf8616d4bde04644f2389075.jpg,hoang
z5104277528433_f9add20d1f55f7f62947fc20af6b5438.jpg,hoang
z5104277530113_dc0ba0000e31cf45aa5c2ab3d16fe184.jpg,hoang
z5104277540088_36ccd15c23333d9e10a50e8fcd171fd8.jpg,hoang
z5104277540339_6d8baf88e40413f680bdaa27e0d9458e.jpg,hoang
z5104277545371_705bed915700d225f23f0cb81b027276.jpg,hoang
z5104277546480_3c4dd2d5c2f51064ae704191ef331486.jpg,hoang
z5104277558570_043a73f222ed216f68cd800251680b5f.jpg,hoang
z5104277561263_7bce1b0a2f608bf6562e1cc4b9d35e4e.jpg,hoang
z5104277564437_29a2e1eba469de929f4cc518185569c4.jpg,hoang
z5104277573656_c5ae82fb70c7b25347af0ff2bd7bee8e.jpg,hoang
z5104277580329_f499ad0d2ccc4ca5590a006338b165b3.jpg,hoang
z5104277581608_8b4d40cab6add1b06bce352d2b677326.jpg,hoang
z5104277587433_8c128ff92d81cdefabd6308c1ae588a7.jpg,hoang
z5104277732479_c3fa0b5b0ee4de41a666c2e91c7c5917.jpg,hoang
z5104277732686_f1c95d2a3d53f164d0396f875c36db99.jpg,hoang
0.png,A
1.png,A
2.png,A
3.png,A
4.png,A
5.png,A
6.png,A
7.png,B
8.png,B
9.png,B
10.png,B
11.png,B
